,Brewery,Address,City,State,ZIP Code
9,Braided River Brewing Company,,Mobile,AL,36606
10,"Brewery in Planning - Columbiana, AL",,Columbiana,AL,35051
12,Chandler's Ford Brewing LLC,,Huntsville,AL,35801
27,"Hard Times Brewing Company, Inc.",,Pelham,AL,35124
31,Neighbors,,Birmingham,AL,35223
33,Old Majestic Brewing Company,,Mobile,AL,36602
37,Sand Mtn brewery,,Section,AL,35771
42,Southern Ale Works,,Huntsville,AL,35803
71,Growler Bay Brewing Co,,Valdez,AK,99686
85,Midnite Mine Brewpub,,Fairbanks,AK,99701
87,Onsite Brewing Company,,Anchorage,AK,99503
94,Turnagain Brewing,,Anchorage,AK,99507
100,Arizona Craft Brewing,,Elgin,AZ,85611
114,Brewery in Planning - Sierra Vista,,Sierra Vista,AZ,85635
140,Front Pourch Brewing,,Phoenix,AZ,
159,LazyG Brewhouse,,Prescott,AZ,86303
170,Motosonora Brewing Company,,Tucson,AZ,85719
193,Roadrunner Abbey Brewing,,Chandler,AZ,85249
196,SanTan Brewing and Distilling - Uptown Phoenix,,Phoenix,AZ,85014
207,Sun Up Brewing Company 330,,Phoenix,AZ,85012
224,Whirling Skirmish Brewing Company,,Scottsdale,AZ,85254
225,Wicked Monkey Brewing Co,,Marana,AZ,85653
231,"Blade & Barrel Brewing Co, LLC",,Searcy,AR,72143
246,Gotahold Brewing Company,,Eureka Springs,AR,72632
277,3 Disciples Brewing,,Sebastopol,CA,95472
290,Acoustic Ales Brewing Experiment,,San Diego,CA,92110
303,Alpenglow Beer Co,,Lafayette,CA,94549
331,At Ease Brewing,,Sacramento,CA,95811
345,Ballast Point San Francisco,,San Francisco,CA,94158
363,Bear Belly Brewing Company,,Kings Beach,CA,96143
410,Border X Logan,2181 Logan Ave,San Diego,CA,92113
422,Brewery In Planning - Claremont,,Claremont,CA,91711
423,Brewery in Planning - corcoran,,Corcoran,CA,93212
425,"Brewery in Planning - Culver City, CA",,Culver City,CA,90230
426,Brewery In Planning - Elk Grove,,Elk Grove,CA,95624
427,Brewery in Planning - Los Angeles,,Los Angeles,CA,90049
428,"Brewery in Planning - Martinez, CA",,Martinez,CA,94553
429,"Brewery in Planning - Moraga, CA",,Moraga,CA,94556
430,Brewery in Planning - Oakland,,Oakland,CA,94611
431,"Brewery in Planning - Orange, CA",,Orange,CA,92866
432,Brewery in Planning - Rancho Cucamonga,,Rancho Cucamonga,CA,91737
433,Brewery in Planning - Rancho Cucamonga,,Rancho Cucamonga,CA,91730
434,"Brewery in Planning - Red Bluff, CA",,Red Bluff,CA,96080
435,"Brewery in Planning - sacramento, CA",,sacramento,CA,95817
436,Brewery in Planning - Stevenson Ranch,,Stevenson Ranch,CA,91381
437,Brewery In Planning - Vacaville,,Vacaville,CA,95688
442,Brewjeria Company,,Hacienda Heights,CA,91745
444,BrewMasters MX,,Hawthorne,CA,90250
457,Buzzrock Brewing Co.,,Torrance,CA,90503
460,California Cider Co.,,Sebastopol,CA,95472
464,Campsite Brewing Company,,Claremont,CA,91711
465,Can Of Worms Brewing,,Glendale,CA,91214
466,Canyon Club Brewery,,Moraga,CA,94556
470,Carmel Valley Brewing Company,,Carmel Valley,CA,
478,Cerveceria Del Pueblo,,Pasadena,CA,91105
481,Chau Tien Beer Company,,Fairfield,CA,94533
482,Chihuahua Brewing Co.,,Orange County,CA,
488,"Civic Partners, Inc",,Huntington Beach,CA,92647
516,Dark Sea Cinema And Brewery,,Oakland,CA,94607
522,Delahunt Brewing Company,,San Clemente,CA,92673
532,Divine Science Brewing,,Anaheim,CA,92805
542,Draughtsman Brewery,,La Mirada,CA,90638
546,DTSJ Brewing Company,,San Jose,CA,95116
603,Five Eye Brewing,,GUSTINE,CA,95322
615,Four Sons Brewing,18421 Gothard St Ste 100,Huntington Beach,CA,92648
619,"G8 Development, Inc.",,San Diego,CA,92109
643,Green Flash Brewing Co,6550 Mira Mesa Blvd,San Diego,CA,92121
644,Greywolf Brewing,,Riverside,CA,92508
651,Gyppo Ale Mill,,Whitethorn,CA,95589
668,Hermitage Brewing Company,1627 S 7th St,San Jose,CA,95112
670,High Water Brewing,,Stockton,CA,95204
687,Hop Forged Brewing Company,,Hanford,CA,93230
726,John Scott Brewing Co.,,Trabuco Canyon,CA,92679
761,Knowlwood Enterprises Inc,,anaheim,CA,92807
763,LA Bodega Brewing Co,,Whittier,CA,90603
778,Lawless Brewing,,Los Angeles,CA,90068
790,Line 51 Brewing,,Oakland,CA,
795,LogOff Brewing LLC,,Carmichael,CA,95608
801,Los Molinos Brewing Company,,San Clemente,CA,92672
804,Lost Cove Brewing Company,,Truckee,CA,96161
806,Lot 713 Craft Brewery,,Riverside,CA,92506
810,MachineHead Brewing Co,,Clovis,CA,93612
818,Magosh Brewing,,Kingsburg,CA,93631
840,Moksha Beer,,San Jose,CA,95154
873,Northspur Brewing Co,,Willits,CA,95490
876,Oak Grove Brewing Company,,Glendale,CA,91208
892,Old 290 Brewery,,Santa Ana,CA,92704
894,Old Hangtown Beer Works,,Placerville,CA,95667
901,Origin Brewer,,Richmond,CA,94805
903,Other Brother Beer Co.,,Seaside,CA,93955
909,Pacific Grove Brewing Company,,Monterey,CA,93940
918,Paperback Brewing Company,,Glendale,CA,91204
924,Pennyweight Craft Brewing,,Livermore,CA,94550
931,Pine Street Brewery,,San Francisco,CA,94109
952,Promised Land Brewing Company,,Gilroy,CA,95020
987,Rose & Thorn Brewing Co,,Bishop,CA,93514
1005,Salty Bear Brewing Co.,,Costa Mesa,CA,92626
1042,SLIVER Pizzeria,,Berkeley,CA,94704
1060,Soquel Fermentation Project,,Los Gatos,CA,95033
1061,South Bay Brewco,930 McLaughlin Ave,San Jose,CA,95122
1068,Speakeasy Ales and Lagers,1195 Evans Ave,San Francisco,CA,94124
1077,Star B Ranch,,Ramona,CA,92065
1093,Stover Brewing,,San Diego,CA,92124
1100,Stupid Face Brewing Company,,Barstow,CA,92311
1105,Surfing Donkey,,Santa Monica,CA,90405
1106,Surfridge Brewing Company,,El Segundo,CA,90245
1109,Tack Brewing,,Oakland,CA,94618
1123,"Temecula Brewing Company, Inc.",,Temecula,CA,92591
1133,The Cruisery,,Santa Barbara,CA,93101
1137,The Good Hop,,Oakland,CA,94612
1139,The Original 40 Brewing Company,,SAN DIEGO,CA,92104
1142,There Does Not Exist,,San Luis Obispo,CA,93401
1146,ThirstyBear Organic Brewery,661 Howard St,San Francisco,CA,94105
1165,Touchstone Brewing Company,,Sacramento,CA,95811
1172,Trademark Brewing,,Long Beach,CA,90813
1174,Trail Dog Brewing Co.,,Novato,CA,94945
1184,Two Dude Brew,,Clearlake,CA,95422
1191,Upshift Brewing Company LLC,,El Segundo,CA,90245
1196,Venice Duck Brewery,,Venice,CA,90291
1213,Wondrous Brewing Company,,Emeryville,CA,94608
1217,Woods Beer Company,1701 Telegraph Ave,Oakland,CA,94612
1238,6 & 40 Brewery/Taproom,,Lakewood,CO,80215
1243,Altered Code Brewing,,Fort Collins,CO,
1245,Altitude Brewing & Supply,,Denver,CO,80205
1255,Avant Garde Aleworks,,Estes Park,CO,80517
1260,Barrel Dog Brewing,,Evergreen,CO,80439
1264,Berthoud Brewing Co,,Loveland,CO,80538
1272,Big Trout Brewing Company,,Fraser,CO,80442
1274,Black Beak Brewing,,Denver,CO,80237
1276,Black Cat Brewing,,Boulder,CO,80302
1298,Brewery In Planning,,Steamboat Springs,CO,80488
1299,Brewery in Planning - Broomfield,,Broomfield,CO,80023
1300,"Brewery in Planning - Broomfield, CO",,Broomfield,CO,80020
1301,"Brewery in Planning - Colorado Springs, CO",,Colorado Springs,CO,80910
1302,Brewery in Planning - Denver,,Denver,CO,80209
1303,Brewery In Planning - Denver,,Denver,CO,80228
1304,"Brewery in Planning - Denver, CO",,Denver,CO,80220
1305,Brewery In Planning - Durango,,Durango,CO,81301
1306,"Brewery in Planning - Fort Collins, CO",,Fort Collins,CO,80524
1307,Brewery In Planning - Greeley,,Greeley,CO,80639
1308,"Brewery in Planning - Gypsum, CO",,Gypsum,CO,81637
1309,Brewery In Planning - Loveland,,Loveland,CO,80537
1310,"Brewery in Planning - Salida, CO",,Salida,CO,81201
1331,Camber Brewing Company,,Fraser,CO,80442
1343,Chrysalis Barrel Aged Beer,,Paonia,CO,81428
1356,Comet Brews,,Littleton,CO,80120
1365,Crooked Stave Artisan Beer Project,,Fort Collins,CO,80524
1372,Dauntless Brewing Company,,Colorado Springs,CO,80903
1376,Dented Face Brewing Company,,Delta,CO,81416
1386,Donavon Brewing Company,,Arvada,CO,80005
1409,Faults Brewing,,Castle Pines,CO,80108
1417,Foam & Folly Brewing,,Grand Junction,CO,81501
1419,Fraser River Beer Company,,Fraser,CO,80442
1422,Full Metal Canning,,Longmont,CO,80504
1433,Golden Gate Brewing Company,,Colorado Springs,CO,80919
1460,Holidaily Production Facility,,Golden,CO,80403
1464,Incline Brewing,,Larkspur,CO,80118
1480,Kanook Beer Company,,Golden,CO,80403
1496,Lonesome Buck Brewing Co,,Greeley,CO,80631
1498,Los Dos Potrillos Mexican Restaurant y Cervecería,,Parker,CO,80138
1501,LUKI Brewery,,Wheatridge,CO,
1504,Madman Brewing LLC,,Loveland,CO,80537
1509,Mascher Brewing Co.,,Aurora,CO,80014
1513,"McOva Craft Beer Works, LLC",,Castle Rock,CO,80104
1530,New Image Brewing Co,,Wheat Ridge,CO,80033
1546,Out World Brewing,,Longmont,CO,80504
1548,Over Yonder Brewing Company,,Golden,CO,80401
1557,Peak View Brewing Company,,Greenwood Village,CO,80112
1569,Prost Brewing Fort Collins,,Fort Collins,CO,80524
1573,Raices Brewing Co,,Denver,CO,80204
1580,Red Truck Beer Company,,Denver,CO,80216
1584,Renegade Brewing Company - Production,918 W 1st Ave,Denver,CO,80223
1586,Rhythm River Brewing Company,,Longmont,CO,80504
1589,River North Brewery - RiNo,,Denver,CO,80205
1627,SS Fermentations Ltd.,,Montrose,CO,81401
1631,Stoik Beer Company,,Delta,CO,81416
1637,Teachers Lounge Brewing,,Denver,CO,80210
1640,The Barn Brewery,,Greenwood Village,CO,80111
1660,TRVE Brewing Co. - The Acid Temple,2600 W. 2nd Ave Unit 8,Denver,CO,80219
1665,"Unnamed Beer Company, LLC",,Boulder,CO,80301
1666,Upslope Brewing Company,,Boulder,CO,80301
1682,Westbound and Down,,Denver,CO,80204
1693,World's End Brewing Company,401 Main St,Canon City,CO,81212
1703,Asylum Hall Brewery,,Newtown,CT,06470
1711,Beer'd Brewing Company,,Groton,CT,06340
1712,Better Half Brewing,,Bristol,CT,06010
1726,Church Owl Beer,,Stratford,CT,06615
1730,Coles Road Brewing,,Cromwell,CT,06416
1734,Dockside Waterfront Biergarten and Brewery,,Milford,CT,06460
1735,Dudleytown Brewing Company,,Windsor,CT,
1740,Fat Orange Cat Brew Co,,East Hampton,CT,06424
1741,Fifth Year Brewery,,West Haven,CT,06516
1748,Great New London Brewing Co / Safe Harbor Brewing,,New London,CT,
1751,HIGH NINE BREWING,,DEEP RIVER,CT,06417
1753,Hops On the Hill Farm Brewery,,South Glastonbury,CT,06073
1755,"HRG Management, LLC",,Hartford,CT,06109
1777,Pie & Pints Restaurant & Brewery,,Oxford,CT,06478
1789,Taylor Brooke Brewery,,Woodstock,CT,06281
1799,Unleashed Brewing Company,,Stonington,CT,06378
1809,Brewery in Planning - REHOBOTH,,Rehoboth Beach,DE,19971
1817,First State Brewing Company,,Middletown,DE,19709
1824,Revelation Craft Brewing,,Georgetown,DE,19947
1842,"Alafia Brewing Company, LLC",,Gibsonton,FL,
1846,Americana Brewery,,Davie,FL,33328
1850,Ankrolab Brewing Company,,Naples,FL,34112
1854,Azalea City Brewing Company,,Palatka,FL,32178
1858,BarrieHaus Beer Co.,,Tampa,FL,33605
1859,Bastet Brewing,,Tampa,FL,33613
1860,Bay 13 Brewery,,Coral Gables,FL,33134
1861,Bay Brewing Company,,Miami,FL,33130
1865,Beer Religion,,Winter Park,FL,32792
1877,Bob Loblaw Brewing,,Miami,FL,33179
1885,Bremen Beer Ventures,,Key Biscayne,FL,33149
1891,Brewery In Planning - Asheville,,Cape Coral,FL,
1892,"Brewery in Planning - Clearwater, FL",,Clearwater,FL,33760
1893,"Brewery in Planning - Fort Laurderdale, FL",,Fort Laurderdale,FL,33312
1894,"Brewery in Planning - Orlando, FL",,Orlando,FL,32827
1895,"Brewery in Planning - Pensacola, FL",,Pensacola,FL,32504
1896,"Brewery in Planning - St.Augustine, FL",,St.Augustine,FL,32080
1897,Brewery in Planning - Tampa,,Tampa,FL,33605
1898,Brewery In Planning - V-Twin Brewing,,Saint Petersburg,FL,33705
1899,Brighter Day's Brewing Company,,New Port Richey,FL,34655
1901,Broken Coat Brewing,,Lake Worth,FL,33467
1903,Buffalo Theory Brewing Co. LLC,,Merritt Island,FL,32953
1912,Cayo Hueso Brewing,,Key West,FL,33040
1921,Clearwater Brewing Company,,Clearwater,FL,33755
1922,Clermont Brewing Company,,Clermont,FL,34711
1923,CNB Brewpub,,Sarasota,FL,34242
1942,"D. MANATEE HOLDINGS, LLC",,Miami,FL,33131
1943,Dangerous Minds Brewing Co,,Pompano Beach,FL,33062
1950,Dees Brothers Brewery,,Orlando,FL,32807
1961,Dunedin Brewery Production Facility,,Dunedin,FL,34698
1964,Emerald Republic Brewing,,Pensacola,FL,32502
1980,"Gator Tail Brewing Company, LLC",,Winter Garden,FL,34787
2017,Island Coastal Lager,3900 Frontage Rd S,Lakeland,FL,33815
2028,Lemonstreet Brewing Company,,Jacksonville,FL,32204
2030,Little Giant Brewery,,Bradenton,FL,34208
2043,Mocama Brewing Company,,Fernandina Beach,FL,32034
2055,Ocean Republic Brewing,,Stuart,FL,34994
2062,Orange Blossom Brewing Company,3900 Frontage Rd S,Lakeland,FL,33815
2065,Orion Beverages,,Longwood,FL,32779
2099,"RoosterBragh Brewing Company, LLC",,Tallahassee,FL,32312
2122,St. Michael's Brewing Company,,Navarre,FL,
2150,Turn 2 Brewing Company Inc.,,Sebring,FL,33872
2155,Unbranded Brewing Company,,Hialeah,FL,33010
2157,Unseen Creatures Brewing & Blending,,Miami,FL,
2165,Wild Hordeum Brewing Co.,,Titusville,FL,32796
2166,Winding Trail Brewing Company,,Ellenton,FL,34222
2174,400 North Brewing,,Sugarhill,GA,30518
2179,Anderby Brewing,,Peachtree Corners,GA,30092
2181,"Appalachian Grail Brewing Co, LLC",,Dacula,GA,30019
2185,Beer Republic Brewing,,Atlanta,GA,30338
2186,Blaue Wolf Brewery,,Helen,GA,30545
2189,"Brewery in Planning - Atlanta, GA",,Atlanta,GA,30318
2190,Brewery in Planning - Buford,,Buford,GA,30515
2191,"Brewery in Planning - Johns Creek, GA",,Johns Creek,GA,30022
2192,"Brewery in Planning - NORCROSS, GA",,NORCROSS,GA,30093
2193,Brewery in Planning - Savannah,,Savannah,GA,
2194,Brewery In Planning Suwanee,,Duluth,GA,30096
2197,Cartecay River Brewing Co,,Ellijay,GA,30540
2202,"Cochran Mill Brewing Company, LLC",,Chattahoochee Hills,GA,30268
2204,Coosa Valley Brewing Company,,Adairsville,GA,30103
2209,Drowned Valley Brewing Co.,,Cartersville,GA,30120
2212,Education Ales,,Marietta,GA,30067
2225,Halfway Crooks ,,Atlanta,GA,30312
2226,Heavale Brewing Company,,Jasper,GA,30143
2227,"Hixtown Brewing Co, LLC",,Villa Rica,GA,30180
2231,Ironwood Creek,,Evans,GA,30809
2239,MAZURT Brewing Company,,Atlanta,GA,
2243,Monkey Wrench Brewing Company LLC,,Suwanee,GA,30024
2246,NoFo Brew Co,,Cumming,GA,30028
2263,Sabbath Brewing,,Atlanta,GA,30316
2265,Sceptre Brewing Arts,,Decatur,GA,30030
2270,"SmootyBrews, LLC",,Atlanta ,GA,30338
2274,Steady Hand Beer Co.,,Atlanta,GA,
2278,The Lost Druid,,AVONDALE ESTATES,GA,30002
2290,Yes Face Beer,,Sun City Peachtree,GA,
2295,Brewery In Planning - Honolulu HI,,Kailua,HI,96734
2296,"Brewery In Planning - Kahului, HI",,KAHULUI,HI,
2297,"Brewery in Planning - Kunia, HI",,Kunia,HI,96759
2298,Broken Boundary Brewery,,Honolulu,HI,96817
2300,Hana Koa Brewing Co,,Honolulu,HI,96814
2304,Hotspot Hawaii Brewing Company,,Waikoloa,HI,96738
2313,MiHi Brewing Company,,Hilo,HI,96720
2315,Stewbum & Stonewall Brewing Co.,,Honolulu,HI,96817
2320,2C Family Brewing Co.,,Nampa,ID,83651
2326,Bombastic Brewing,,Hayden,ID,83835
2328,Citizen 33 Brewery,,Driggs,ID,83422
2388,1905 Brewing Company,,Assumption,IL,62510
2395,5 Rabbit Cerveceria Inc,,Chicago,IL,
2399,9th Hour Brewing Company LLC,,Spring Grove,IL,60081
2415,Belly Up Beer Company,,Western Springs,IL,60558
2429,Brewery in Planning - Chicago,,Chicago,IL,60657
2430,Brewery In Planning - Cobden,,Cobden,IL,62920
2431,Brewery in Planning - Downers Grove,,Downers Grove,IL,60515
2432,"Brewery in Planning - Morton Grove, IL",,Morton Grove,IL,60053
2433,Brewery in Planning - RIVERSIDE,,Riverside,IL,
2438,Burning Bush Brewery,,Skokie,IL,60077
2439,Burnt City Brewing,,Chicago,IL,60622
2441,Byers Brewing Company,,DeKalb,IL,60115
2445,Chimp Monk Brewing LLC,,Batavia,IL,60510
2480,Geneseo Brewing Company,102 S State St,Geneseo,IL,61254
2507,Holzlager Brewing Co.,,Woodstock,IL,60098
2513,Howard Street Brewing Company,,Chicago,IL,60626
2515,ILL STYLEZ BREWING,,Freeport,IL,61032
2524,Karetas Brewing,1480 Industrial Dr Ste C,Itasca,IL,60143
2531,Lagunitas Chicago,2607 W 17th St,Chicago,IL,60608
2535,Lake St Brewing,,Oak Park,IL,60302
2548,Mad Hatchet Brewing,,SHOREWOOD,IL,60404
2549,Mad Mouse Brewery ,,Chicago,IL,60607
2558,Midwest Coast Brewing Company,,Chicago,IL,60612
2560,Millpond Brewing and Incubator,,Millstadt,IL,62260
2561,Miskatonic Brewing Company,1000 N Frontage Rd Ste C,Darien,IL,60561
2566,Mud Run Beer Co.,,Stockton,IL,61085
2572,Obscurity,,Elburn,IL,60119
2579,One Allegiance Brewing,,Chicago Ridge,IL,60415
2589,Pilot Project Brewing,,Chicago,IL,60647
2590,Pipeworks Brewing Co,,Chicago,IL,60647
2598,Radium City Brewing,,Ottawa,IL,61350
2604,Ritt Brewing Company,,Chicago,IL,60634
2615,Sacred Lake Brewing,,Herrin,IL,62948
2618,Sew Hop'd Brewery LLC,,Huntley,IL,60142
2619,ShadowView Brewing,,Woodstock,IL,60098
2622,SIU Fermentation Science Institute,,Carbondale,IL,62901
2628,Solemn Oath Brewery,,Chicago,IL,60647
2643,Topsy Turvy,,Hampshire,IL,60140
2663,Wonky Brew Factory,,Aurora,IL,60506
2668,2Toms Brewing Company,,Fort Wayne,IN,
2670,5 Arch Brewing,,Centerville,IN,47330
2672,"Alhambra Brewing Company, LLC",,Evansville,IN,47713
2682,Bier Brewery,,Carmel,IN,46032
2696,Brewery in Planning - Franklin,,Franklin,IN,46131
2697,Brewery In Planning - Seymour,,Seymour,IN,47274
2705,Carbon Brewing Company,,Brazil,IN,47834
2712,Chesterton Brewery,,Chesterton,IN,46304
2718,Creatures Of Habit Brewing Co,,Anderson,IN,46016
2729,Dot & Line Brewing Company,,Fort Wayne,IN,46808
2730,Ellison Brewery- Indianapolis,,Indianapolis,IN,46225
2735,Feed Store Beer Co,,Bloomfield,IN,47424
2747,George Ringler & Company,,Danville,IN,46122
2754,Granite City Food & Brewery (#27),150 W 96th St,Indianapolis,IN,46260
2757,Guggman Haus Brewing Co.,,Indianapolis,IN,46202
2763,Hydraulic Ale Works,,Elkhart,IN,46516
2782,Misconduct Brewing,,Carmel,IN,46033
2796,Parlor City Brewing Company,,Bluffton,IN,46714
2804,Primeval Brewing,,Noblesville,IN,46060
2811,Round-A-bout Brewery,,Carmel,IN,46032
2827,Sun King Brewing Co,,Fishers,IN,46037
2850,Upland Brewing Co,,Indianapolis,IN,46203
2854,WarPigs USA Brewing Co.,9750 Indiana Pkwy,Munster,IN,46321
2857,Wedgewood Brewing Company,106 S Main St,Middlebury,IN,46540
2858,Westwind Brewery Co.,,Elkhart,IN,46514
2879,Big Grove Brewery & Tap Room,1225 S Gilbert St,Iowa City,IA,52240
2903,Five Cities Brewing,2255 Falcon Ave,Bettendorf,IA,52722
2914,House Divided Brewery,,Ely,IA,52227
2949,Textile Brewing Company,,Dyersville,IA,52040
2960,Wise I Brewing Company,,Le Mars,IA,51031
2976,Fields & Ivy Brewery,,Lawrence,KS,66046
2997,Nu Life Market,,Scott City,KS,67871
3000,Red Crow Brewing Company,,Olathe,KS,66062
3002,"Riverbank Brewing, LLC.",,Council Grove,KS,66846
3005,SIlverback Brewing Company,,Pittsburg,KS,66762
3007,The Jolly Fox Brewery,,Pittsburg,KS,66762
3011,Union Works Brewery LLC,,Humboldt,KS,66748
3028,Bluegrass Brewing Co - Brewpub,300 W Main St,Louisville,KY,40202
3029,Bourbon Capital Brewing,,Bardstown,KY,40004
3032,Brewery in Planning - Augusta,,Augusta,KY,41002
3067,Old Louisville Brewery Barrel Room,622 Main St,Shelbyville,KY,40065
3085,Brasserie L'Etrange,,Prairieville,LA,70769
3086,"Brewery in Planning - Ball, LA",,,LA,
3087,Brewery in Planning - Baton Rouge,,Baton Rouge,LA,70810
3088,Brewery In Planning - Baton Rouge,,Baton Rouge,LA,70808
3089,Brewery In Planning - Dulles,,New Orleans,LA,70119
3090,Brewery In Planning - Natchitoches,,Natchitoches,LA,
3091,"Brewery in Planning - New Orleans, LA",,New Orleans,LA,70117
3106,Grand Derangement Brewing Co.,,Mandeville,LA,70471
3108,High Ground Brewery,,Saint Francisville,LA,70775
3120,Rally Cap Brewing Company,,Baton Rouge,LA,70809
3145,Bath Ale Works,,Bath,ME,04530
3161,Brewery Extrava,,Portland,ME,04101
3162,Brickyard Hollow Brewing Co,236 Main St,Yarmouth,ME,04096
3220,Orono Brewing Brewery & Draught Room,,Orono,ME,04473
3222,Outland Farm Brewery,,Pittsfield,ME,04967
3249,Top Sea,,Phippsburg,ME,04562
3257,Yes Brewing,609 Main St,Westbrook,ME,04092
3262,Annapolis Brewing Company,,Annapolis,MD,21409
3271,Big Truck Brewery,,Parkton,MD,21120
3272,Bird Nickel Brewing Company,,Easton,MD,21601
3276,"Brewery in Planning - Berlin, MD",,Berlin,MD,21811
3277,"Brewery in Planning - Columbia, MD",,Columbia,MD,21045
3278,Brewery in Planning - Silver Spring,,Silver Spring,MD,20910
3287,Chick Brewing Company,,Easton ,MD,
3288,Conowingo Brewing Company,,Conowingo,MD,21918
3295,Denizens Brewing Company,,Riverdale,MD,20737
3297,Dig Deep Brewing Co,,Cumberland,MD,21502
3298,DuClaw Brewing Co,8901 Yellow Brick Rd Ste B,Baltimore,MD,21237
3307,Farmacy Brewing,,Reisterstown,MD,21136
3315,Greenspring Brewing Company,,Chesapeake Beach,MD,20732
3317,Gypsy Brewing Company,,Huntingtown,MD,20639
3318,Heart & Solar Brewing,,Parkton,MD,21120
3320,HopScratch Farm & Brewery,,Harwood,MD,20776
3330,Locust Post Brewery,,Little Orleans,MD,21766
3331,Lone Oak Farm,,Derwood,MD,20855
3337,Mobtown Brewing Co,,Baltimore,MD,21224
3347,"Peculiar Character, LLC",,Rockville,MD,20853
3348,Pooles Island Brewing Company,,Middle River,MD,21220
3362,Sigma Ingredients LLC,,Salisbury,MD,21801
3371,Ten Eyck Brewing,,Queenstown,MD,21658
3375,"Tusculum Farm Enterprises, LLC",,Laytonsville,MD,20882
3390,Agape Beer Company LLC,,Gloucester,MA,01930
3394,Anawan Brewing Company,,Rehoboth,MA,02769
3395,Aquatic Brewing LLC,,Falmouth,MA,02540
3398,Backbeat Brewing Company,,Beverly,MA,01915
3402,Bark Brew Co. LLC,,BELCHERTOWN,MA,01007
3407,Bay State Beer Company,,Sturbridge,MA,01566
3420,Break Rock Brewing,,Boston,MA,02124
3422,Brewery in Planning - Brookline,,Brookline,MA,02446
3423,Brewery In Planning - Petersham,,New Salem,MA,01355
3424,Brewery In Planning - Solution Brewing Company,,Chelmsford,MA,01824
3425,Brewery In Planning - Stockbridge,,Stockbridge,MA,01262
3426,"Brewery in Planning - Winchester, MA",,Winchester,MA,01890
3428,Brewmasters Tavern / Brewmasters Brewing Services,4 Main St,Williamsburg,MA,01096
3431,Builder Brewing Co,,Manchester,MA,01944
3438,Cape Ann Lanes ,,Gloucester,MA,01930
3442,Charlton Beer Company,,Charlton,MA,01507
3445,Cochituate Brewing,,Wayland,MA,
3452,Distraction Brewing Company,,WEST ROXBURY,MA,
3460,Faces Brewing Co.,,Malden,MA,02148
3466,Great Awakening Brewing Company,,Westfield,MA,01085
3468,"Green Door Brewing, Inc.",,Attleboro,MA,02703
3469,Green Road Brewing,,Bolton,MA,01740
3487,Kismet Brewing Company,,Westfield,MA,01085
3490,Leadfoot Brewing,,Chicopee,MA,01020
3493,Loophole Brewing Services,,Holyoke,MA,01040
3495,Lost Shoe Brewing and Roasting Company,,Marlborough,MA,01752
3498,Lyons Den Brewing Co.,,Wrentham,MA,02093
3501,Medford Brewing,,Medford,MA,
3525,Paramount Brewing Company,,Andover,MA,01810
3538,Saltmarsh Brewery,,Foxboro,MA,02035
3540,Scottish Bloodline Brewing,,Lowell,MA,01851
3548,Small Change Brewing Company,,Somerville,MA,
3551,Spicket River Brewery,,Lawrence,MA,01840
3576,Wash Ashore Beer Company,,Edgartown,MA,
3607,Axle Brewing Company,567 Livernois St,Ferndale,MI,48220
3620,Belding Brewing Company,,Belding,MI,48809
3650,Brewery Faisan,,Detroit,MI,48207
3651,Brewery in Planning - Mattawan,,Mattawan,MI,
3652,Brewery in Planning - Plymouth,,Plymouth,MI,48170
3653,"Brewery in Planning - Stevensville, MI",,Stevensville,MI,49127
3654,"Brewery in Planning - Stevensville, MI",,Allegan,MI,49010
3655,Brewery in Planning - WHITMORE LAKE,,Whitmore Lake,MI,48189
3656,Brewery In Planning- Gonzales,,Midland,MI,48642
3659,Brewery Vivant,,Kentwood,MI,49512
3666,Buchanan Craft LLC,,BUCHANAN,MI,49107
3668,Cadillac Straits Brewing Company,,Madison Heights,MI,48071
3674,Cheboygan Brewing Co,101 N Main St,Cheboygan,MI,49721
3677,CHILLAX Brewing Company LLC,,Milford,MI,48381
3685,Copper Hop Brewing Company,,Saint Clair Shores,MI,48080
3711,Elk Rapids Brewing Co.,,Elk Rapids,MI,49629
3717,Farmington Underground Canning and Kegging,,Farmington,MI,48336
3720,Fife Lake Brewery,,Fife Lake,MI,49633
3721,Fillmore 13 Brewery,7 N Saginaw St,Pontiac,MI,48342
3730,Ghost Isle Brewing Company,,New Buffalo,MI,49117
3778,Keweenaw Brewing Co - Production Facility,408 Shelden Ave,Houghton,MI,49931
3817,New Holland Brewing,,Battle Creek,MI,49017
3822,Niles Brewing Company,,Niles,MI,49120
3833,Old Detroit Brewing Co,,Bloomfield Hills,MI,48304
3836,Old Post Brewing,,Howell,MI,48843
3849,Paper City Development LLC,,Vicksburg,MI,49097
3855,Pigeon Hill Brewery Production Facility,,Muskegon,MI,49440
3888,Schmucks Brewing Co,,Howell,MI,48843
3889,Seedz Brewery,,Union Pier ,MI,49129
3907,Stormcloud Brewing Company,303 Main St,Frankfort,MI,49635
3933,Third Nature Brewing Co.,,Rockford,MI,49341
3970,14 Lakes Brewery,,Crosslake,MN,56442
3971,22 Northmen Brewing Company,,Alexandria,MN,56308
3978,Arbeiter Brewing Company,,Minneapolis,MN,55406
3996,Big Bear Brewco,,Eden Prairie,MN,55344
4006,Bold I'Land Brewing Company,,Albert Lea,MN,56007
4011,Brew D'Etat,,Burnsville,MN,55337
4012,Brewery In Planning - Medina,,Long Lake,MN,
4013,Brewery In Planning - Saint Paul MN,,Saint Paul,MN,55129
4014,Brewery In Planning - Shakopee,,Shakopee,MN,55379
4046,Gluek Beer,,Minnapolis,MN,
4048,Good Ass Beer,,Forest Lake,MN,
4060,Head Bros. Brew,,Coon Rapids,MN,55433
4095,Minn'Ohana Brewing,,Mankato,MN,56001
4103,"One Minneapolis Brewing Company, LLC",,Minneapolis,MN,55401
4105,Outstate Brewing Company LLC,,Fergus Falls,MN,56537
4107,Pig Ate My Pizza Brew Pub,,"Robbinsdale,",MN,55422
4124,"Sleepy Eye Brewing Company, LLC",,Sleepy Eye,MN,56085
4139,"The Lab, LLC",,Saint Paul,MN,55110
4140,Thesis Beer Project,,Rochester,MN,55902
4145,Twelve Down Brewing,,St. Louis Park,MN,
4178,Old Kudzu Brewing,,Meridian,MS,
4184,3 Trails Brewing,111 N Main St,Independence,MO,64050
4187,Alma Mader Brewing,,KANSAS CITY,MO,64108
4194,Augusta Brewing Co,109 W Main St,Washington,MO,63090
4196,"Bard's Brewery, LLC",,Lees Summit,MO,64063
4208,"Brewery In Planning - Kansas City, MO",,Kansas city,MO,64108
4246,Hold Fast Brewing,,Springfield,MO,65810
4248,Iron County Brewing Company LLC,,Ironton,MO,63650
4260,Melvin Brewing,,Eureka,MO,63025
4270,Outlaw Cigar / Gunslinger Saloon Brewing,,Kansas City,MO,64151
4273,Petrichor Brewing,,O'Fallon,MO,63368
4275,POG Brewing Company,,Cleveland,MO,64734
4277,Prehistoric Brewing Company,,Willard,MO,65781
4283,Rochester Brewing and Roasting Company,,Kansas City,MO,64108
4291,Southern Heritage Brewing Company,,Doe Run,MO,63637
4297,The Gallows LLC,,Farmington,MO,63640
4306,Two Plumbers Brewery Arcade,2236 1st Capitol Dr,Saint Charles,MO,63301
4307,Uranus Brewery,,Saint Robert,MO,65584
4318,380 Brewing Company,,Clancy,MT,59634
4338,"Brewery in Planning - Belgrade, MT",,Belgrade,MT,59714
4341,Brother Joseph's Brewing Company,,Missoula,MT,
4347,Conflux Brewing,202 E Main St,Missoula,MT,59802
4355,Flathead Lake Brewing Co - Production Only,,Bigfork,MT,59911
4357,Game Bag Brewing,,Belgrade,MT,59714
4360,Golden Triangle Brew Co,,Fort Benton,MT,59442
4373,Kettlehouse Brewing Co - Bonner Brewery,605 Coldsmoke Ave,Bonner,MT,59823
4376,Lewistown Brewing Co,,Lewistown,MT,59457
4391,OddPitch Brewing Co.,,Missoula,MT,59801
4417,Barley Boys Brewery,,Omaha,NE,68144
4425,Brewery In Planning - Omaha,,Omaha,NE,68102
4428,Canyon Lake Brewing Company,,,NE,
4446,JGR Enterprises Inc,,Omaha,NE,68135
4448,Jukes Ale Works LLC,,Elkhorn,NE,68022
4480,Beer District Brewing,,Las Vegas,NV,89101
4486,Brewery In Planning - Las Vegas,,Las Vegas,NV,89144
4487,"Brewery in Planning - Las Vegas, NV",,Las Vegas,NV,89144
4499,Little Vixen Brewing,,Las Vegas,NV,89138
4502,Nevadan Brewing Company,,Las Vegas,NV,89139
4564,Laughinghouse Brewing,,Nashua,NH,03060
4576,Northwoods Brewing Co,,Northwood,NH,03261
4577,Odd Fellows Brewing Co,124 Main St,Nashua,NH,03060
4593,Stripe Nine Brewing Co.,,Somersworth,NH,03878
4594,TaleSpinner Craft Brewery,,Nashua,NH,03062
4611,Artisan Owl Brewing Company,,Ocean City,NJ,08226
4614,Ashton Brewing Company,,Morris County,NJ,
4617,Axe And Arrow Brewery,,Glassboro,NJ,08028
4618,Backman Brewing Company,,Whitehouse Station,NJ,08889
4628,Brew Circus,,Ringwood,NJ,07456
4629,Brewery In Planning,,Point Pleasant,NJ,08742
4630,Brewery in Planning - Lakewood,,Lakewood,NJ,08701
4631,Brewery In Planning - Milwaukee,,Rutherford,NJ,07070
4632,"Brewery in Planning - Upper Montclair, NJ",,Upper Montclair,NJ,07043
4639,Bull n Bear Brewery,,Summit,NJ,07901
4660,Double Tap Brewing,,Whippany,NJ,07981
4668,Four City Brewing Company,,West Orange,NJ,07052
4672,Ghost Hawk Brewing Company,,Clifton,NJ,07014
4673,Ginker Brewing,,East Brunswick,NJ,08816
4681,Highrail Brewing Company,,High Bridge,NJ,08809
4682,"HistoryQuest, LLC",,Morristown,NJ,07960
4694,Knights Keep Brewing,,Roebling,NJ,08554
4695,"Krogh's Brewing, LLC",,Newton,NJ,07860
4700,Long Branch Brewery,,Long Branch,NJ,07740
4709,Muckraker Beermaker,,Franklin,NJ,07416
4716,Readington Brewery Inc.,,Neshanic Station,NJ,08853
4722,Side Brewing,,Bridgewater,NJ,
4724,Soma Brewing LLC,,South Orange,NJ,07079
4725,Somers Point Brewing Company,,Somers Point,NJ,08244
4726,Source Brewing,,Colts Neck,NJ,07722
4728,Sunken Silo Brew Works,,Lebanon,NJ,08833
4735,Toms River Brewing llc,,Toms River,NJ,08755
4768,Brewery in Planning - Los Alamos,,Los Alamos,NM,87547
4770,Callahan West Brewery,20 Main St,Mosquero,NM,87733
4787,Ex Novo Albuquerque,,Albuquerque,NM,
4802,Lauter Haus Brewing Co,,Farmington ,NM,87401
4810,New Mexico State University Department Of Chemical,,Las Cruces,NM,88003
4823,"Second Alarm Brewhouse, LLC",,Jemez Springs,NM,87025
4848,42 North Brewing Company,25 Pine St,East Aurora,NY,14052
4860,Apex Brewery,,Monroe,NY,10950
4861,Argyle Brewing Company,1 Main St,Greenwich,NY,12834
4866,AW Ingenuity,,Queens ,NY,11104
4869,Back Barn Brewing Company,,Delanson,NY,12053
4871,Baggs Square Brewing Co.,,Poland,NY,13431
4880,Bellport Brewing Company,,Rocky Point,NY,11778
4897,Bound by Fate Brewing LLC,,Schuylerville,NY,12871
4900,Brewery in Planning - Astoria,,Astoria,NY,11105
4901,Brewery In Planning - Brooklyn,,Brooklyn,NY,11216
4902,Brewery in Planning - Brooklyn,,Brooklyn,NY,11231
4903,Brewery in Planning - Brooklyn,,Brooklyn,NY,11225
4904,"Brewery in Planning - Brooklyn, NY",,Brooklyn,NY,11222
4905,"Brewery in Planning - East Rochester, NY",,East Rochester,NY,14445
4906,Brewery in Planning - Long Island City,,Long Island City,NY,11101
4907,Brewery in Planning - New York,,New York,NY,
4908,"Brewery in Planning - Pine Island, NY",,Pine Island,NY,10969
4909,"Brewery in Planning - Schoharie, NY",,Schoharie,NY,12157
4948,Country Town Farm Brewery,,Friendship,NY,14739
4967,Duncan's Abbey,,Tarrytown,NY,10591
4968,Dyckman Beer Co,,Bronx,NY,10451
4972,Eli Fish Brewing Company,109 Main St,Batavia,NY,14020
4977,Empire City Beer Company,,New York,NY,10012
4997,Foreign Objects Beer Company,,New Paltz,NY,12561
5000,Fox Brewing Works,,Greenfield,NY,12833
5026,Great Life Brewing,,West Park,NY,12493
5027,Great South Bay Brewery,25 Drexel Dr,Bay Shore,NY,11706
5041,Helderberg Mountain Brewing Company,83 Main St,East Berne,NY,12059
5043,Hill Country Farm Brewery,,Jamesville,NY,13078
5044,Hofbrauhaus Buffalo,,Buffalo,NY,14221
5074,Kingston Standard Brewing Co.,,Kingston,NY,12401
5081,Lasting Joy Brwery,,Tivoli,NY,12583
5084,Limestone Creek Brewing Company,,Manlius,NY,13104
5085,Lincoln Hill Farm,,Canandaigua,NY,14424
5106,Mill House Brewing Company - Production,,Poughkeepsie,NY,12601
5108,Moriches Field Brewing Company,,Center Moriches,NY,11934
5115,New York Beer Project,,Victor,NY,
5119,Noble Savage Brewing Company,,Glen Cove,NY,11542
5127,Other Half Brewing,,Bloomfield,NY,14469
5133,Paradox Brewery / Gateway To the Adirondacks,,Schroon Lake,NY,12870
5137,Perfect Pour Brewery,,BUFFALO,NY,14216
5139,Pine Island Brewing Company,,Warwick,NY,10990
5143,Poormon Farms,,Seneca Falls,NY,13148
5146,Prison City Brewing,,Auburn,NY,13021
5148,Pull Brewing Co,317 Springtown Rd,New Paltz,NY,12561
5168,Rockaway Brewing Company,,Arverne,NY,11692
5169,Rocky Point Artisan Ales,,Rocky Point,NY,11778
5185,"SakeBrooklyn Brewing Co., LLC",,Brooklyn,NY,11237
5200,"Shepherds Eye Brewing Company, LLC",,Florida,NY,10921
5233,Sweet Thursday Beer Co,,Brooklyn,NY,11215
5246,The Food Works,,Brooklyn,NY,11206
5256,Tin Barn Brewery,,Warwick,NY,10990
5260,Trifocal Brewing Inc.,,Troy,NY,12180
5263,Tuthilltown Spirits,,Gardiner,NY,12525
5269,Upward Brewing Co.,,Livingston Manor,NY,12758
5272,Velveteen Brewing Co,,Mamaroneck,NY,10543
5276,Wartega Brewing,33 35th St Unit 6A,Brooklyn,NY,11232
5285,Whitman Brewing Company,,Saratoga Springs,NY,12866
5286,Wild East Brewing Co.,,Brooklyn,NY,11217
5289,Winner’s Circle Brewing Company,,Saratoga Springs,NY,12866
5293,Woodcock Brothers Brewing,,North Tonawanda,NY,14120
5295,Wooden Skiff Beer Co.,,Buffalo,NY,14216
5312,Armory Beer Company,,Charlotte,NC,
5324,Beer Army,,New Bern,NC,28564
5338,Blue Ridge Community College,,Flat Rock,NC,28731
5351,Brewery In Planning - Fayetteville,,Fayetteville,NC,28303
5352,Brewery in Planning - Hendersonville,,Wilmington,NC,28403
5353,Brewery In Planning - Southern Pines,,,NC,
5354,Brewery In Planning - Winston Salem,,Forest City,NC,28043
5355,Brewery in Planning - Winston Salem,,Winston Salem,NC,27106
5357,BrickTree Brewing Co.,,Lincolnton,NC,28092
5369,Burial Beer Co Forestry Camp,,Asheville,NC,28803
5376,Casita Cerveceria,,Fountain,NC,
5384,Collection Brewing Company,,Raleigh,NC,27614
5392,Dancer Creek Brewing,,Waynesville,NC,28786
5394,Dingo Dog Brewing Co,,Carrboro,NC,27510
5417,Forgotten Road Ales,,Graham,NC,27253
5421,"Franklin Brewing Company, LLC",,Angier,NC,27501
5433,"Goose And The Monkey Brew House, LLC",,Lexington,NC,27292
5436,GroundLion Brewing,,Seagrove,NC,27341
5438,Hatchet Brewing Company,,Southern Pines,NC,28387
5479,Lucky City Brewing Co.,,Reidsville,NC,27320
5488,Middle James Brewing Company,,Pineville,NC,28134
5502,New Realm Brewing,,Charlotte,NC,28203
5513,Oden Brewing Company,,"Greensboro, NC",NC,27403
5526,Pinehurst Brewery,,Pinehurst,NC,28374
5533,Protagonist Brewery,,Charlotte,NC,28205
5539,Regulator Brewing Company,,Hillsbourough,NC,
5543,Royal Bliss Brewing Co.,,Denver,NC,28073
5558,Southend Brewing Co.,,Greensboro,NC,27406
5563,Southern Strain Brewing Company,,Concord,NC,28025
5578,The Levee Brewery and Pub,118 Main St W,Valdese,NC,28690
5591,Traust Brewing Company,,Charlotte,NC,28205
5599,"Twoboros Brewery, LLC",,Wilkesboro,NC,28697
5603,UpCountry Brewing,,Brevard,NC,28712
5621,Wicked Weed Funkatorium,95 Old Shoals Rd,Arden,NC,28704
5625,Wooden Robot,,Charlotte,NC,28203
5633,Black Leg Brewery,,McKenzie,ND,58572
5645,Old Ten Brewing,,Bismarck,ND,
5646,Phat Fish Brewing,,Dickinson,ND,58601
5656,Aistear Brewing,,Bowling Green,OH,43402
5659,Amusement Ales and Brewery,,Sandusky,OH,44870
5662,Arlyn's Good Beer,,Bowling Green,OH,43402
5669,Big Ash Brewing Company,,Cincinnati,OH,45244
5672,Birdfish Brewing Co - Down Low,140 E Park Ave,Columbiana,OH,44408
5682,Breaking Point Brewery,,Cleveland Heights,OH,44121
5683,Brew Kettle - Hudson,,Hudson,OH,44236
5687,Brewery in Planning - Cincinnati,,Cincinnati,OH,45244
5688,Brewery in Planning - Cuyahoga Falls,,Cuyahoga Falls,OH,44221
5689,Brewery in Planning - Lockland,,Lockland,OH,45215
5690,Brewery in Planning - Newark,,Newark,OH,43055
5691,Brewery In Planning - Pensacola,,Hilliard,OH,43026
5692,"Brewery in Planning - Stow, OH",,Stow,OH,44224
5715,Crooked Pecker Brewing,,Newbury,OH,44065
5719,Dead Low Brewing,,Cincinnati,OH,45230
5745,Flag Pole Brewing,,Kent,OH,44240
5753,Gongoozlers Brewery,,New Bremen,OH,45869
5771,Henmick Farm & Brewery,,Delaware,OH,43015
5786,Immigrant Son Brewery,,LAKEWOOD,OH,44107
5795,Kindred Brewing,,Columbus,OH,43214
5802,Levitate,,Mount Victory,OH,43340
5813,Loose Ends Brewing Company,,Dayton,OH,45458
5836,Moeller Brew Barn,,Troy,OH,45373
5839,Montgomery Public House,,Montgomery,OH,45242
5844,Muffleheads brewery,,Wakeman,OH,44889
5860,Ohio Brewing Co,,Columbus,OH,43201
5866,On The Fly Brewing Company,,Sunbury,OH,43074
5873,Pedestrian Brewing,,Lakewood,OH,44107
5875,Permission Brewing Company,,Columbus,OH,43004
5892,Rebel Mettle Brewing LLC,,Cincinnati,OH,45245
5895,Rhinegeist Brewery,,Cincinnati,OH,45225
5896,Ridge Runner Brewing LLC,,Wauseon,OH,43567
5920,Spires Social Brewing Co.,,Westerville,OH,43082
5944,Third Eye Brewery,,Cincinnati,OH,45246
5964,Wetstone Beer Co.,,Columbus,OH,43214
5969,Willoughby Brewing Production Facility,,Cleveland,OH,44102
5975,Zaftig Brewing Co,,Columbus,OH,43201
5984,Beer Is Good Brewing Company,,Norman,OK,73069
5988,Bricktown Brewery,,Oklahoma City,OK,73109
5999,Expedinture Brewery,,Okarche,OK,73762
6001,Frenzy Brewing Company,,Edmond,OK,73003
6003,Harbinger Beer Company LLC,,Caddo,OK,74729
6006,Kochendorfer Craft Brewing Company,,Marlow,OK,73055
6014,Red Dirt Brewing Co,,Oklahoma City,OK,73120
6018,Scissortail Brewing Co.,,Dewey,OK,74029
6019,Skydance Brewing Company,,Oklahoma City,OK,
6030,1188 Brewing Co,141 E Main St,John Day,OR,97845
6042,Assembly Brewing,,Portland,OR,97206
6060,Bevel Craft Brewing,,BEND,OR,97702
6071,Boss Rambler Beer Club,,Bend,OR,97703
6077,Brewery 26,,Portland,OR,97218
6078,Brewery In Planning - Bend,,Bend,OR,97702
6079,Brewery in Planning - Eugene,,Eugene,OR,97401
6080,"Brewery in Planning - Florence, OR",,Florence,OR,97439
6081,Brewery in Planning - Phoenix,,Oregon City,OR,97045
6082,"Brewery in Planning - Roseburg, OR",,Roseburg,OR,97470
6107,Covered Bridge Brewing Group,,Cottage Grove,OR,97424
6113,"DAMARKOM, INC.",,Seaside,OR,97138
6123,Dirt Road Brewing,,Corvallis,OR,97330
6175,Leikam Brewing,,Portland,OR,
6180,Long Brewing LLC,,Newberg,OR,97132
6181,Long Timber Brewing Co,,Monroe,OR,97456
6222,Mystic Roots Brewing,,Terrebonne,OR,97760
6255,Ratchet Brewery - Silverton,,Silverton,OR,97381
6276,Shade Tree Brewing,,Bend,OR,97702
6288,Splintercat Brewing,,Tenmile,OR,97481
6296,Super Brewing Company LLC,,Wood Village,OR,97060
6328,Wizards of Williams Hops Garden and Craft Brewery,,Williams,OR,97544
6335,Zoiglhaus Brewing Company,5716 SE 92nd Ave,Portland,OR,97266
6343,Acclamation Brewing,,Oakmont,PA,15139
6344,"Acrospire Brewing, LLC",,Glenshaw,PA,15116
6349,Ambler Beer Company,,Ambler,PA,19002
6357,Aries Craft Brewing Company,,Pottstown,PA,19465
6358,Artifact Brewing,,Hatboro,PA,19040
6361,Attic Brewing,,Philadelphia,PA,19144
6364,Balmaghie Beverage Company,,Slippery Rock,PA,16057
6369,Be Here Brewing Company,,Avondale,PA,19311
6375,Big Rail Brewing,,Grove City,PA,16127
6379,Black Wolf Brewing LLC,,Pocono Pines,PA,18350
6382,Blue Stripe Brewing,,Boalsburg,PA,16827
6398,"Brewery in Planning - Bryn Mawr, PA",,Bryn Mawr,PA,19010
6399,"Brewery in Planning - GIBSONIA, PA",,GIBSONIA,PA,15044
6400,Brewery in Planning - Philadelphia,,Philadelphia,PA,19148
6401,"Brewery in Planning - State College, PA",,State College,PA,16801
6402,Brewery in Planning - WEXFORD,,Wexford,PA,15090
6409,Bullfrog Brewery - Production Only,229 W 4th St,Williamsport,PA,17701
6421,Cinderlands Beer Co,,Pittsburgh,PA,15222
6433,Copper Kettle Brewing Co,,Pittsburgh,PA,15207
6448,Daugherty Brewing Company,,Erie,PA,16510
6453,Dock Street Brewing Co,,Philadelphia,PA,19146
6466,Erie Brewing Company Brewpub,,Erie,PA,16505
6469,Fegley's Brew Works,812 Hamilton St,Allentown,PA,18101
6477,Fourscore Beer Co / Tommy's Pizza Inc.,,Gettysburg,PA,17325
6488,Gravity Ales LLC,,Swarthmore,PA,19081
6490,Grist House Brewing,,Oakdale,PA,15071
6494,Hardwaters Brewing,,Cambridge Springs,PA,16403
6498,Helltown Brewing,5578 Old William Penn Hwy,Export,PA,15632
6499,Hemauer Brewing Company,,Dillsburg,PA,17019
6510,Hopping Eagle Brewing Company,,Hawley,PA,18428
6515,Invisible Man Brewing,,Greensburg,PA,15601
6534,Kensington Barrel Project,,Philadelphia,PA,19134
6542,Lebanon Valley Craft Brewery,,Lebanon,PA,17046
6545,Lincoln Avenue Brewery,,Pittsburgh,PA,15202
6546,Lindgren Craft Brewery,,Duncannon,PA,17020
6548,"Lion Brewery Inc, The",700 N Pennsylvania Ave,Wilkes Barre,PA,18705
6550,Liquid Noise Brewing Co.,,Marysville,PA,17053
6554,Lost In the Wilds Brewing,,Shippenville,PA,16254
6571,Mechanistic Brewing,,Clarion,PA,16214
6585,National Beer Museum Development Group,,Pittsburgh,PA,15212
6589,Newtown Brewing Company,,Newtown,PA,18940
6601,Perkiomen Valley Brewery,,Telford,PA,18969
6605,Pig Island Brewery,,Bradford,PA,16701
6612,Punch Buggy Brewing Company,,Philadelphia,PA,19122
6623,Robin Hood Brewing Co,,Bellefonte,PA,16823
6626,Rogan Brewing Company,,Duquesne,PA,15110
6627,R-OH House,,ALLISON PARK,PA,15101
6633,Roundback Brewery LLC,,Danville,PA,17821
6639,Sage Alley Brewery and Grille,213 N Main St,Coopersburg,PA,18036
6647,Second Sin Brewing Company,,Phoenixville,PA,19460
6658,"Sobel's Obscure Brewery, LLC",,,PA,
6668,Spring Mountain Brewing Company,,Royersford,PA,19468
6671,Starview Brews,,Columbia,PA,17512
6685,Super Fun Time Brewing Company,,Bangor,PA,18013
6700,The Ways Restaurant and Brewery,,Glenside,PA,19038
6708,Triple Bottom Brewing Company,,Philadelphia,PA,19123
6711,Trolley Barn Brewery,,Quakertown,PA,18951
6728,Warwick Farm Brewing,,Jamison,PA,18929
6736,Wolf Brewing Company,,Harrisburg,PA,17112
6757,Narragansett Brewing Co,461 Main St,Pawtucket,RI,02860
6778,Blue Ridge Brewing Co,,Greenville,SC,29601
6780,Bomb Plant Brewing Company,,North Augusta,SC,29860
6782,"Brewery in Planning - Indian Land, SC",,Indian Land,SC,29707
6806,Hazelwood Brewing Company,,Lexington,SC,29072
6811,Hunter Gatherer Brewery and Alehouse,,Columbia,SC,
6812,Indigo Reef Brewing Company,,Charleston,SC,29492
6814,Keowee Brewing Company,,Seneca,SC,29678
6821,Lot 9 Brewing Co,,Ridgeland,SC,29936
6823,Lulus Donuts LLC dba The Landing at The Boathouse,,Myrtle Beach,SC,29579
6842,Savage Craft Ale Works,,West Columbia,SC,29169
6857,Think Tank Brew Lab,,Greenville,SC,29607
6869,Big Sioux Brewing Company,,Humboldt,SD,57035
6870,Brewery In Planning - Piedmont,,Piedmont,SD,57769
6871,"Brewery in Planning - Sioux Falls, SD",,Sioux Falls,SD,57103
6872,"Brewery in Planning - Sioux Falls, SD",,Sioux Falls,SD,57108
6891,Obscure Brewing,,Sioux Falls,SD,57110
6894,Severance Brewing Company,,Sioux Falls,SD,
6896,Spearfish Brewing Company,,Spearfish,SD,57783
6903,Albright Grove Brewing Company,,Townsend,TN,37882
6906,Bad Idea Brewing,,Columbia,TN,38401
6908,Beale St Brewing Co,,Memphis,TN,38104
6918,Brewery in Planning - Knoxville,,Knoxville,TN,37934
6919,Brewery in Planning - Mt Juliet,,Mount Juliet,TN,37122
6920,"Brewery In Planning- Nashville, TN",,Nashville,TN,37210
6926,Common John Brewing Co,,Manchester,TN,37355
6933,Delta Sunshine Brewing Company,,Memphis,TN,38120
6941,Five Wits Brewing Co.,,Chattanooga,TN,37405
6942,Furnace Brewing,,Dickson,TN,37055
6946,Grind City Brewing Company,,Memphis,TN,38107
6956,Hook Point Brewing Co.,,Collierville,TN,38017
6967,Living Waters Brewing Company,,Nashville,TN,37216
6972,Memphis Filling Station,,Memphis,TN,38112
6978,Next Level Brewing Company,,Knoxville,TN,37917
6980,"Old Hickory Brewing Company, LLC",,Hendersonville,TN,37075
6982,Panther Creek Brews,,Christiana,TN,37037
7015,1836 Brewing Company,,Blanco,TX,78606
7016,28th State Brewing,,Houston,TX,77095
7021,5th Element Brewing,,Leander,TX,78641
7028,"Alcazar Brewery, LLC.",,Rio Grande City,TX,78582
7048,Barley Working Brewery,,Huntsville,TX,77340
7049,Barrel Assembly,,Austin,TX,78751
7053,BattleHops Brewing,,Katy,TX,77494
7057,Beer Ranch Project,,Wimberley,TX,78676
7061,Birchwood Brewing,,Flower Mound,TX,75028
7075,Brewery In Planning - Austin,,Leander,TX,78641
7076,Brewery in Planning - austin,,Austin,TX,78739
7077,"Brewery in Planning - Big Spring, TX",,Big Spring,TX,79720
7078,Brewery In Planning - College Station,,College Station,TX,77845
7079,Brewery in Planning - Dallas,,Dallas,TX,
7080,"Brewery in Planning - Fulshear, TX",,Fulshear,TX,77441
7081,Brewery in Planning - Grapevine,,Roanoke,TX,76262
7082,Brewery in Planning - Houston,,Houston,TX,77084
7083,Brewery in Planning - Houston,,Houston,TX,77024
7084,"Brewery in Planning - Houston, TX",,Houston,TX,77025
7085,Brewery in Planning - Katy,,Katy,TX,77494
7086,Brewery In Planning - Lucas,,Allen,TX,75002
7087,"Brewery in Planning - MIDLOTHIAN, TX",,Midlothian,TX,76065
7088,Brewery in Planning - Plano,,Plano,TX,75023
7089,"Brewery in Planning - Pottsboro, TX",,Pottsboro,TX,
7090,Brewery in Planning - Washington,,Washington,TX,77880
7091,"Brewery In Planning- Mc Kinney, TX.",,McKinney,TX,75069
7092,"Brewery In Planning- Plano, TX.",,Plano,TX,75075
7100,Buffalo Bayou Brewing Co,,Houston,TX,77007
7110,Central District Brewing,,Austin,TX,78701
7111,Central Machine Brewing,,Austin,TX,78702
7116,Compadre Brewing,,Round Rock,TX,78664
7122,Deanitude Brewing Company,,Dallas,TX,75225
7131,Dos Sirenos Brewing,,San Antonio,TX,78260
7138,False Idol Brewing,,North Richland Hills,TX,76180
7142,Fletcher's Brewery & Pub,,Lubbock,TX,79401
7146,Flying Rhino Brewing Company,,Houston,TX,77077
7157,Frisky Brewing Company,,Odessa,TX,79765
7160,Funky Picnic Brewery,,Fort Worth,TX,76104
7163,Ghost Note Brewing,,Dripping Springs,TX,78620
7166,Good Omen Brewing Company,,Fort Worth,TX,76109
7168,Grain Theory Brewing Company,,Abilene,TX,79601
7173,Happy Hippie Brewing Company,,Richardson,TX,75080
7175,Hell or High Water Brewing,,Leander,TX,78641
7178,Hold Out Brewing,,Austin,TX,78703
7184,Hopsquad Brewing Company,,Austin,TX,78758
7188,Humble Pint Brewing Co,,Leander,TX,78641
7193,Industry Brewery,,Houston,TX,77024
7199,Javelina Watering Hole Brewing Co.,,Kingsville,TX,78363
7205,La Funke Brewing,,Bulverde,TX,78163
7215,"Local Group Brewing Company, LLC.",,Houston,TX,77009
7218,Longtab Brewing Company LLC,,San Antonio,TX,78238
7222,Mallory Brewing,,Houston,TX,77018
7223,Maple Branch Craft Brewery,,Fort Worth,TX,76133
7229,"Nacogdoches Brewing Company, Inc.",,Nacogdoches,TX,75964
7232,New Magnolia Brewing Co,,Houston,TX,77008
7237,Nomadic Beerworks,,Austin,TX,78704
7244,Off Main Brewing,,Prosper,TX,75078
7246,Old Sheepdog Brewery,,EL PASO,TX,79905
7261,Pinthouse Pizza Round Rock,,Round Rock,TX,78681
7266,Rabble-Rouser Brewing Company,,Mcallen,TX,78501
7280,Rosehill Brewing Co.,,Tomball,TX,77377
7286,Rusty Gate Brewery,,Trinity,TX,75862
7290,San Jacinto Brewing Company,,Montgomery,TX,77316
7292,Sean Patrick's Pub,,San Marcos,TX,78666
7297,Siren Rock Brewing Company,,Rockwall,TX,75087
7300,Slantways Brewing Company,,The Woodlands,TX,77381
7304,Southerleigh Brewing,,San Antonio,TX,78235
7306,Southern Roots LLC,,Waco,TX,76701
7313,Stache Rabbit Brewing Company,,Austin,TX,78727
7314,Stained Glass Beerworks,,Houston,TX,77066
7321,Tapscendence Brewing Company,,Houston ,TX,77027
7334,The Manhattan Project Beer Company,15103 Surveyor Blvd,Addison,TX,75001
7341,"Three Empires Brewing Company, LLC",,Pearland,TX,77584
7348,"Tusculum Holdings, LLC",,Boerne,TX,78006
7350,TWIN SISTERS,,San Antonio,TX,78210
7354,Two Knights Brewing,,Austin,TX,78701
7364,Vector Brewing,,Dallas,TX,75238
7365,Viaduct Development,,Plano,TX,75074
7367,Waco Ale Company,,Waco,TX,76701
7368,Walking Beam Brewing Co,,Bridgeport,TX,76426
7370,Weilbacher Brewery,,New Braunfels,TX,78130
7371,Westlake Brewing Company,,Dallas,TX,75226
7374,Whitis AleWorks,,Houston,TX,77069
7382,Yaxx Brewing Company,,Waco,TX,76706
7389,Brewery In Planning - Draper,,Midvale,UT,84047
7390,"Brewery in Planning - Park City, UT",,Park City,UT,84098
7391,"Brewery in Planning - Salt Lake City, UT",,Salt Lake City,UT,84104
7394,Eddie McStiffs Brewing Co c/o Eddie Snyder,57 S Main St,Moab,UT,84532
7398,Grid City Beer Works,,Salt Lake City,UT,84115
7400,Hopkins Brewing Company,,Salt Lake City,UT,84106
7405,Ogden River Brewing ,,Ogden,UT,
7410,Proper Brewing Co,857 S Main St,Salt Lake City,UT,84111
7426,Two Gringos Brewing,,Saint George,UT,84790
7429,UTOG Brewing Company,,Ogden,UT,84401
7441,Brewery In Planning - Waterbury,,Waterbury,VT,05676
7445,Collaborative Brewing LLC,,Waitsfield,VT,05673
7448,Droppa Brewing Co,,South Burlington,VT,05403
7449,Farm Road Brewery,,Arlington,VT,05250
7474,LegenDairy Maple,,Williamstown,VT,05679
7484,"Outer Limits Brewing, LLC",,Proctorsville,VT,05153
7488,Red Clover Ale Company,,Brandon,VT,
7495,Slippery Slope Brewing Company,,Dummerston,VT,05301
7502,Upper Pass Beer Co,,Tunbridge,VT,
7518,Altered Suds Beer Co.,,Warrenton ,VA,20186
7544,Belbridge Brewing Company,,Richmond,VA,23220
7562,Brewery In Planning - Arlington,,Mc Lean,VA,22101
7563,Brewery In Planning - Colonial Beach,,King George,VA,22485
7564,"Brewery In Planning - Gordonsville, VA",,Gordonsville,VA,
7565,Brewery In Planning - Marion,,Marion,VA,24354
7566,"Brewery in Planning - Mount sidney, VA",,Mount Sidney,VA,24467
7567,"Brewery in Planning - Raphine, VA",,Raphine,VA,24472
7568,Brewery in Planning - Richmond,,Richmond,VA,23226
7569,Brewery In Planning - Salem,,Salem,VA,24153
7570,"Brewery in Planning - Timberville, VA",,Timberville,VA,22853
7571,Brewery in Planning - Virginia Beach,,Virginia Beach,VA,23454
7585,Cedar Run Brewery,,Nokesville,VA,20181
7594,COVA Brewing Co.,,Norfolk,VA,23503
7598,Decipher Brewing Co.,,Charlottesville,VA,22902
7604,Dragon Run Brewing,,Manquin,VA,23106
7607,Elation Brewing,,Norfolk,VA,23508
7614,Folsom's Brewing Company,,Alexandria,VA,
7625,Griffin Owens Insurance Group,,Herndon,VA,20170
7631,Harry's Beer Company,,Fredericksburg,VA,22551
7634,High Speed Low Drag Brewing LLC,,Alexandria,VA,22307
7646,Johnson's Orchards Inc. T/A Sheep Creek Brewery,,Bedford,VA,24523
7647,Jurnee Brewing Company,,Chantilly,VA,20152
7653,Level 350 Brewing Co.™,,Purcellville,VA,20132
7658,Long Way Brewing,,Radford,VA,24141
7681,Old Ox Brewery,,Middleburg,VA,20117
7684,Olde Salem Brewing Company,21 E Main St,Salem,VA,24153
7713,Shotwell Run Brewing Company,,Etlan,VA,22719
7723,Starr Hill Beer Hall - Richmond,,Richmond,VA,23230
7727,Statement Brewing Company,,Chester,VA,23836
7731,Straight Shot Brewing,,Poquoson,VA,23662
7734,Strangeways Brewing Company,,Richmond,VA,23230
7748,The Veil Brewpub,,Norfolk,VA,23517
7749,The Veil Production Facility,,Richmond,VA,
7767,Vibrant Shore Brewing Company,,Virginia Beach,VA,23451
7771,Wheatland Spring Brewery,,Waterford,VA,20197
7821,Big Block Brewing,,Redmond,WA,98052
7833,Bottle Bay Brewing,,Spokane,WA,
7836,"Brewery in Planning - Port Orchard, WA",,Port Orchard,WA,98366
7837,Brewery in Planning - Seattle,,Seattle,WA,98133
7838,Brewery In Planning - Spokane,,Spokane,WA,99208
7839,Brewery In Planning - Spokane,,Spokane,WA,99224
7844,Buffalo Brewing Co,,Toppenish,WA,98948
7849,Captains Brewing Company,,Ridgefield,WA,98642
7864,Crooked Label Brewing Company,,Seattle,WA,98125
7889,E2W Brewing,,Gig Harbor,WA,98332
7890,E9 Brewing Company,,Tacoma,WA,98402
7892,ELK POND Craft Ales,,Olympia,WA,98501
7902,Enso Brewing Company,,Vashon,WA,98070
7904,Explorer Brewing Company,,Kelso,WA,98604
7905,Fair Isle Brewing,,Seattle,WA,98199
7944,GSP Craft Brewing,,Gig Harbor,WA,98332
7977,Ladd & Lass Brewing,,Seattle,WA,98122
7989,Lost Bear Brews,,Woodinville,WA,98072
7991,Lost Woods Brewery,,Bonney Lake,WA,
8012,Methow Valley Brewing Co,,Twisp,WA,98856
8021,Mountain Gate Brewing,,Sedro Woolley,WA,98284
8025,Mutiny Bay Brewing Co,,Freeland ,WA,98249
8037,Northish Beer Company,,Tacoma,WA,98444
8039,Northwest Passage Craft Brewery,,Vancouver,WA,98661
8042,Nosdunk Brewing Company,,Walla Walla,WA,99362
8057,"Pacific Northwest Brewing Center, LLC",,Everett,WA,98208
8059,Paddle Brewing Company,,Issaquah,WA,98029
8071,Precious Things Fermentation Project,,Spokane,WA,99217
8073,Puyallup River Brewing Co,,Puyallup,WA,98375
8100,Rock Wood Fired Pizza / Keep Rockin' LLC,14209 29th St E Ste 102,Sumner,WA,98390
8125,Smitty's Brewing,,Bremerton,WA,98312
8129,Snow Eater Brewing Company,,Liberty Lake,WA,99019
8132,Spada Farmhouse Brewery,,Snohomish,WA,98290
8134,Squirrel Fight Artisan Brewing,,Moses Lake,WA,98837
8138,Stemma Brewing Company Inc.,,Bellingham,WA,98229
8144,Sun Mountain Brewing Company,,Spokane Valley,WA,99016
8151,Terramar,,Bow,WA,98232
8153,The Good Society,,Seattle,WA,98136
8164,Trap Door Brewing,2315 Main St,Vancouver,WA,98660
8173,Underground Brewing,,Woodinville,WA,98072
8194,Whipsaw Brewing,,Ellensburg,WA,98926
8202,Woods Cabin Brewery,,Yarrow Point,WA,98004
8205,Young Buck Brewing,154 S Madison St,Spokane,WA,99201
8207,Amani Brewing Company,,Martinsburg,WV,25403
8208,"Angry Iguana Brewing Company, LLC",,Berkeley Springs,WV,25411
8217,Cacapon Mountain Brewing Company,,Berkeley Springs,WV,25411
8220,Eight Rivers Brewery,,Hillsboro,WV,24946
8226,Old Spruce Brewing,,Snowshoe,WV,26209
8228,Rippon Brewing Company,,Rippon,WV,25441
8242,Agonic Brewing Company LLC,,Rice Lake,WI,54868
8244,Al. Ringling Brewing Co.,,Baraboo,WI,53913
8260,Bobtown Brewhouse & Grill,220 W Main St,Roberts,WI,54023
8262,Brewery In Planning - Delavan,,Delavan,WI,
8263,"Brewery In Planning - Lomira, WI",,Lomira,WI,
8264,Brewery In Planning - Milwaukee,,Milwaukee,WI,53221
8265,"Brewery in Planning - Wausau, WI",,Wausau,WI,54403
8267,Brewery Resolute,,Stevens Point,WI,54481
8269,"BrewPlan, Inc.",,Onalaska,WI,54650
8287,"Corvale, LLC",,Iron River,WI,54847
8305,Fountain City Brewing Co / Monarch Public House,19 N Main St,Fountain City,WI,54629
8309,Foxtown Brewing,,Mequon,WI,53097
8313,G5 Brewing Company,,BELOIT,WI,53511
8336,Jarzombek Brewing Co.,,Port Washington,WI,53074
8357,Milwaukee Brewing Company,1128 N 9th St,Milwaukee,WI,53233
8372,Old Abe Brewing,,Hartland,WI,
8375,Ombibulous Brewing Company,,Fall Creek,WI,54742
8377,OOGA Brewing Company,,Beaver Dam,WI,53916
8386,Popple River Brewing,,Argonne,WI,54511
8410,Sahale Ale Works,,Grafton,WI,53024
8411,Sand Creek Brewing Co,320 Pierce St,Black River Falls,WI,54615
8412,Sapporo Brewery USA,,La Crosse,WI,54601
8427,SteelHead Aleworks,,Mukwonago,WI,53149
8473,Bond's Brewing Company,,Laramie,WY,82070
8474,"Brewery in Planning - Riverton, WY",,Riverton,WY,82501
8475,"Brewery In Planning : HOVER Brewery, Casper, WY",,Casper,WY,82601
8493,Roadhouse Pub and Eatery,,Jackson Hole,WY,83001
8494,Sheridan Brewing company,,Sheridan,WY,82801
8502,Wyoming Territory Brewing / Eric Bischoff Family Brewing,,Cody,WY,82414
